--INSERT INTO TIC_COMPILACIONES_MASIVA (ENTIDAD,ENTORNO,NOMBRE_GRUPO_FUNCIONAL,COMP_FULL_CHEK_SN,FECHA_HORA_PETICION,FECHA_HORA_ULTIMO_ESTADO,FICHERO_FUENTE,FUENTE,RESULTADO,RESULTADO_COMPILACION,REVISION,TIPO_FUENTE,TIPO_GRUPO_FUNCIONAL,USUARIO,VERSION) 
--VALUES (9999,'PRODUCCIO','87LPR','S',{ts '2018-12-11 00:00:00'},{ts '2018-12-11 00:00:00'},null,'U87949',null,2,24,'COB',3,16518,3);
--INSERT INTO TIC_COMPILACIONES_MASIVA (ENTIDAD,ENTORNO,NOMBRE_GRUPO_FUNCIONAL,COMP_FULL_CHEK_SN,FECHA_HORA_PETICION,FECHA_HORA_ULTIMO_ESTADO,FICHERO_FUENTE,FUENTE,RESULTADO,RESULTADO_COMPILACION,REVISION,TIPO_FUENTE,TIPO_GRUPO_FUNCIONAL,USUARIO,VERSION) 
--VALUES (9999,'ETIC','81TAL','S',{ts '2017-03-24 00:00:00'},{ts '2017-03-24 00:00:00'},null,'D00243',null,2,0,'COB',3,13249,1);
--INSERT INTO TIC_COMPILACIONES_MASIVA (ENTIDAD,ENTORNO,NOMBRE_GRUPO_FUNCIONAL,COMP_FULL_CHEK_SN,FECHA_HORA_PETICION,FECHA_HORA_ULTIMO_ESTADO,FICHERO_FUENTE,FUENTE,RESULTADO,RESULTADO_COMPILACION,REVISION,TIPO_FUENTE,TIPO_GRUPO_FUNCIONAL,USUARIO,VERSION) 
--VALUES (9999,'PRODUCCIO','85TRAS','S',{ts '2017-03-31 00:00:00'},{ts '2017-03-31 00:00:00'},null,'S85890',null,2,1,'COB',3,13249,5);

DELETE FROM DES_GRUPO_FUNCIONAL;
DELETE FROM TIC_GRUPO_FUNCIONAL_ENTORNOS;
DELETE FROM DES_FUENTES;
DELETE FROM DES_FUNCIONES;
DELETE FROM DES_VERSIONES_GF;
DELETE FROM TIC_COMPILACIONES_MASIVA;

INSERT INTO DES_GRUPO_FUNCIONAL (NOMBRE_GRUPO_FUNCIONAL,TIPO_GRUPO_FUNCIONAL,APLICACION,TEMA,FECHA_ALTA,FECHA_BAJA,USUARIO_BAJA,GRUPO_DESARROLLO,MODIFICABLE_SN,CORRECCION_ERROR_SN,DESCRIPCION,IDDESCRIPCION,FORMATO_MENSAJE,USUARIO_CKOUT,FECHA_CKOUT,DOMINIO_AYUDAS) 
VALUES ('00USU2',3,'EXPLO','ETIC-ADMIN',{ts '2008-10-06 00:00:00'},null,null,'Cobol eTic','S','N','COPIAR PERMISOS I PERFILS D''UN USUARI A UN ALTRE',3865,0,null,null,'ET');
INSERT INTO DES_GRUPO_FUNCIONAL (NOMBRE_GRUPO_FUNCIONAL,TIPO_GRUPO_FUNCIONAL,APLICACION,TEMA,FECHA_ALTA,FECHA_BAJA,USUARIO_BAJA,GRUPO_DESARROLLO,MODIFICABLE_SN,CORRECCION_ERROR_SN,DESCRIPCION,IDDESCRIPCION,FORMATO_MENSAJE,USUARIO_CKOUT,FECHA_CKOUT,DOMINIO_AYUDAS) 
VALUES ('06CRI',3,'PRO','MULTIDIOMA',{ts '2005-11-07 00:00:00'},null,null,'Grup 0','S','N','MANTENIMENT CAMPS REPORT IDIOMA',242390,0,null,null,'CT');
INSERT INTO DES_GRUPO_FUNCIONAL (NOMBRE_GRUPO_FUNCIONAL,TIPO_GRUPO_FUNCIONAL,APLICACION,TEMA,FECHA_ALTA,FECHA_BAJA,USUARIO_BAJA,GRUPO_DESARROLLO,MODIFICABLE_SN,CORRECCION_ERROR_SN,DESCRIPCION,IDDESCRIPCION,FORMATO_MENSAJE,USUARIO_CKOUT,FECHA_CKOUT,DOMINIO_AYUDAS) 
VALUES ('06TS02',3,'GESTIO','REPORTS',{ts '2011-03-03 00:00:00'},null,null,'Proves ct*','S','N','REPORT LOCAL',269200,0,null,null,'CT');
INSERT INTO DES_GRUPO_FUNCIONAL (NOMBRE_GRUPO_FUNCIONAL,TIPO_GRUPO_FUNCIONAL,APLICACION,TEMA,FECHA_ALTA,FECHA_BAJA,USUARIO_BAJA,GRUPO_DESARROLLO,MODIFICABLE_SN,CORRECCION_ERROR_SN,DESCRIPCION,IDDESCRIPCION,FORMATO_MENSAJE,USUARIO_CKOUT,FECHA_CKOUT,DOMINIO_AYUDAS) 
VALUES ('06TST',6,'GESTIO','REPORTS',{ts '2013-05-16 00:00:00'},{ts '2017-02-16 00:00:00'},13249,'Grup 3','S','N','TEST SIRE',281087,0,null,null,'CT');
INSERT INTO DES_GRUPO_FUNCIONAL (NOMBRE_GRUPO_FUNCIONAL,TIPO_GRUPO_FUNCIONAL,APLICACION,TEMA,FECHA_ALTA,FECHA_BAJA,USUARIO_BAJA,GRUPO_DESARROLLO,MODIFICABLE_SN,CORRECCION_ERROR_SN,DESCRIPCION,IDDESCRIPCION,FORMATO_MENSAJE,USUARIO_CKOUT,FECHA_CKOUT,DOMINIO_AYUDAS) 
VALUES ('06URL',4,'GESTIO','REPORTS',{ts '2004-12-30 00:00:00'},null,null,'Grup 7','S','N','PATH URL',222717,0,null,null,'CT');
INSERT INTO DES_GRUPO_FUNCIONAL (NOMBRE_GRUPO_FUNCIONAL,TIPO_GRUPO_FUNCIONAL,APLICACION,TEMA,FECHA_ALTA,FECHA_BAJA,USUARIO_BAJA,GRUPO_DESARROLLO,MODIFICABLE_SN,CORRECCION_ERROR_SN,DESCRIPCION,IDDESCRIPCION,FORMATO_MENSAJE,USUARIO_CKOUT,FECHA_CKOUT,DOMINIO_AYUDAS) 
VALUES ('09LNK',4,'CTSERDEP','SEPARAR',{ts '2010-02-04 00:00:00'},null,null,'Grup 3','S','N','FUNCIO PER DONAR ACCES A SERVEIS',257572,0,null,null,'CT');
INSERT INTO DES_GRUPO_FUNCIONAL (NOMBRE_GRUPO_FUNCIONAL,TIPO_GRUPO_FUNCIONAL,APLICACION,TEMA,FECHA_ALTA,FECHA_BAJA,USUARIO_BAJA,GRUPO_DESARROLLO,MODIFICABLE_SN,CORRECCION_ERROR_SN,DESCRIPCION,IDDESCRIPCION,FORMATO_MENSAJE,USUARIO_CKOUT,FECHA_CKOUT,DOMINIO_AYUDAS) 
VALUES ('09X13',4,'CTSERVEIS','SEPARAR',{ts '2009-12-02 00:00:00'},null,null,'Grup 3','S','N','MANTENIMENT CTS_CRITERIO_ACTUAL_RUTINA',255555,0,null,null,'CT');

INSERT INTO TIC_GRUPO_FUNCIONAL_ENTORNOS (ENTIDAD,ENTORNO,NOMBRE_GRUPO_FUNCIONAL,TIPO_GRUPO_FUNCIONAL,ACTIVO_SN,FECHA_ALTA,VERSION,REVISION,PAQUETE,FECHA_VERSION)
VALUES (9999,'ETIC','00USU2',3,'S',null,null,null,123456,null);
INSERT INTO TIC_GRUPO_FUNCIONAL_ENTORNOS (ENTIDAD,ENTORNO,NOMBRE_GRUPO_FUNCIONAL,TIPO_GRUPO_FUNCIONAL,ACTIVO_SN,FECHA_ALTA,VERSION,REVISION,PAQUETE,FECHA_VERSION)
VALUES (9999,'PRODUCCIO','06CRI',3,'S',null,null,null,123456,null);
INSERT INTO TIC_GRUPO_FUNCIONAL_ENTORNOS (ENTIDAD,ENTORNO,NOMBRE_GRUPO_FUNCIONAL,TIPO_GRUPO_FUNCIONAL,ACTIVO_SN,FECHA_ALTA,VERSION,REVISION,PAQUETE,FECHA_VERSION)
VALUES (9999,'PRODUCCIO','06TS02',3,'S',null,null,null,123456,null);

INSERT INTO DES_FUENTES (NOMBRE_GRUPO_FUNCIONAL,FUENTE,TIPO_FUENTE,GENERICO_SN) VALUES ('00USU2','U85118','COB','N');
INSERT INTO DES_FUENTES (NOMBRE_GRUPO_FUNCIONAL,FUENTE,TIPO_FUENTE,GENERICO_SN) VALUES ('06CRI','U85178','COB','N');
INSERT INTO DES_FUENTES (NOMBRE_GRUPO_FUNCIONAL,FUENTE,TIPO_FUENTE,GENERICO_SN) VALUES ('06TS02','U85127','COB','N');

INSERT INTO DES_FUNCIONES (NOMBRE_GRUPO_FUNCIONAL,FUNCION,GRUPO_FUNCIONAL_FUENTE,FUENTE,IDENTIFICADOR) VALUES ('00USU2','00USU2','00USU2','U85118',134097);
INSERT INTO DES_FUNCIONES (NOMBRE_GRUPO_FUNCIONAL,FUNCION,GRUPO_FUNCIONAL_FUENTE,FUENTE,IDENTIFICADOR) VALUES ('06CRI','06CRI','06CRI','U85178',133856);
INSERT INTO DES_FUNCIONES (NOMBRE_GRUPO_FUNCIONAL,FUNCION,GRUPO_FUNCIONAL_FUENTE,FUENTE,IDENTIFICADOR) VALUES ('06TS02','06TS02','06TS02','U85127',133848);

INSERT INTO DES_VERSIONES_GF (NOMBRE_GRUPO_FUNCIONAL,VERSION,REVISION,ESTADO,FECHA_ESTADO,COMENTARIO) VALUES ('00USU2',null,null,null,{ts '2017-02-16 00:00:00'},null);
INSERT INTO DES_VERSIONES_GF (NOMBRE_GRUPO_FUNCIONAL,VERSION,REVISION,ESTADO,FECHA_ESTADO,COMENTARIO) VALUES ('06CRI',null,null,null,{ts '2017-02-16 00:00:00'},null);
INSERT INTO DES_VERSIONES_GF (NOMBRE_GRUPO_FUNCIONAL,VERSION,REVISION,ESTADO,FECHA_ESTADO,COMENTARIO) VALUES ('06TS02',null,null,null,{ts '2017-02-16 00:00:00'},null);
